{
  "__comment": "Instructions: https://blakesmods.com/docs/cucumber/tags-config",
  "c:ingots/aluminum": "null",
  "c:ingots/constantan": "null",
  "c:ingots/tin": "mekanism:ingot_tin",
  "c:ingots/iridium": "null",
  "c:ingots/zinc": "null",
  "c:gems/sapphire": "null",
  "c:ingots/bronze": "silentgear:bronze_ingot",
  "c:ingots/invar": "null",
  "c:gems/ruby": "null",
  "c:dusts/niter": "null",
  "c:ingots/electrum": "null",
  "c:silicon": "ae2:silicon",
  "c:gems/apatite": "null",
  "c:ingots/brass": "null",
  "c:ingots/silver": "null",
  "c:dusts/saltpeter": "null",
  "c:ingots/steel": "mekanism:ingot_steel",
  "c:rubbers": "null",
  "c:ingots/platinum": "null",
  "c:dusts/sulfur": "mekanism:dust_sulfur",
  "c:ingots/lead": "mekanism:ingot_lead",
  "c:ingots/graphite": "null",
  "c:gems/peridot": "null",
  "c:ingots/uranium": "mekanism:ingot_uranium",
  "c:ingots/nickel": "null"
}