[
  {"version":2},
  {"ingredient":{"id":"minecraft:tipped_arrow","components":{"minecraft:potion_contents":{"potion":"minecraft:turtle_master"}}},"type":"item_stack","bookmarkType":"INGREDIENT"},
  {"ingredient":{"id":"minecraft:oak_slab"},"type":"item_stack","bookmarkType":"INGREDIENT"},
  {"ingredient":{"id":"minecraft:cracked_nether_bricks"},"type":"item_stack","bookmarkType":"INGREDIENT"},
  {"ingredient":{"id":"minecraft:brown_concrete"},"type":"item_stack","bookmarkType":"INGREDIENT"},
  {"ingredient":{"id":"mekanism:steam_bucket"},"type":"item_stack","bookmarkType":"INGREDIENT"}
]